rank,file,t_sec,score,U,A,D,n_boxes,n_ambiguous,empty,selected
1,frame_0073.jpg,29.2,0.7573,0.7397,0.625,1.0,6,5,False,True
2,frame_0077.jpg,30.8,0.7556,0.7842,0.625,0.88,8,5,False,False
3,frame_0387.jpg,154.8,0.7172,0.7545,1.0,0.2,10,8,False,True
4,frame_0008.jpg,3.2,0.7129,0.8759,0.25,1.0,3,2,False,True
5,frame_0000.jpg,0.0,0.7025,0.705,0.5,1.0,7,4,False,True
6,frame_0010.jpg,4.0,0.6956,0.9912,0.0,1.0,1,0,False,False
7,frame_0005.jpg,2.0,0.6814,0.5877,0.625,1.0,5,5,False,False
8,frame_0124.jpg,49.6,0.6573,0.7425,0.5,0.68,9,4,False,True
9,frame_0072.jpg,28.8,0.6457,0.5914,0.5,1.0,6,4,False,False
10,frame_0015.jpg,6.0,0.6452,0.6655,0.375,1.0,4,3,False,True
11,frame_0129.jpg,51.6,0.6409,0.7048,0.375,0.88,6,3,False,True
12,frame_0291.jpg,116.4,0.6335,0.556,0.625,0.84,6,5,False,True
13,frame_0030.jpg,12.0,0.6224,0.4699,0.625,1.0,8,5,False,True
14,frame_0070.jpg,28.0,0.6174,0.6097,0.375,1.0,7,3,False,False
15,frame_0294.jpg,117.6,0.6117,0.7104,0.375,0.72,6,3,False,False
16,frame_0318.jpg,127.2,0.6057,0.7403,0.625,0.24,9,5,False,True
17,frame_0067.jpg,26.8,0.6056,0.5112,0.5,1.0,8,4,False,True
18,frame_0079.jpg,31.6,0.6025,0.6599,0.375,0.8,8,3,False,True
19,frame_0209.jpg,83.6,0.601,0.6891,0.375,0.72,3,3,False,False
20,frame_0130.jpg,52.0,0.5998,0.6067,0.375,0.92,4,3,False,False
21,frame_0289.jpg,115.6,0.5962,0.6634,0.375,0.76,6,3,False,False
22,frame_0031.jpg,12.4,0.5944,0.4888,0.5,1.0,7,4,False,False
23,frame_0389.jpg,155.6,0.5936,0.7642,0.625,0.12,7,5,False,False
24,frame_0002.jpg,0.8,0.5923,0.4846,0.5,1.0,7,4,False,False
25,frame_0169.jpg,67.6,0.5922,0.6765,0.5,0.52,6,4,False,False
26,frame_0001.jpg,0.4,0.5887,0.5525,0.375,1.0,6,3,False,False
27,frame_0074.jpg,29.6,0.583,0.541,0.375,1.0,7,3,False,False
28,frame_0007.jpg,2.8,0.5814,0.4628,0.5,1.0,5,4,False,False
29,frame_0020.jpg,8.0,0.5791,0.6831,0.125,1.0,2,1,False,False
30,frame_0078.jpg,31.2,0.5778,0.5946,0.375,0.84,7,3,False,False
31,frame_0076.jpg,30.4,0.5768,0.5607,0.375,0.92,5,3,False,False
32,frame_0018.jpg,7.2,0.5756,0.5261,0.375,1.0,5,3,False,False
33,frame_0275.jpg,110.0,0.5752,0.6954,0.625,0.2,7,5,False,False
34,frame_0386.jpg,154.4,0.5719,0.7477,0.5,0.24,7,4,False,False
35,frame_0029.jpg,11.6,0.5714,0.5177,0.375,1.0,6,3,False,False
36,frame_0368.jpg,147.2,0.5697,0.6735,0.75,0.04,10,6,False,False
37,frame_0297.jpg,118.8,0.563,0.6609,0.375,0.6,4,3,False,False
38,frame_0167.jpg,66.8,0.5626,0.6602,0.375,0.6,5,3,False,False
39,frame_0021.jpg,8.4,0.5617,0.4234,0.5,1.0,5,4,False,False
40,frame_0293.jpg,117.2,0.5609,0.5927,0.375,0.76,4,3,False,False
41,frame_0292.jpg,116.8,0.5607,0.5015,0.5,0.8,6,4,False,False
42,frame_0003.jpg,1.2,0.5594,0.4938,0.375,1.0,4,3,False,False
43,frame_0127.jpg,50.8,0.5581,0.4962,0.5,0.8,5,4,False,False
44,frame_0390.jpg,156.0,0.5573,0.7826,0.5,0.08,6,4,False,False
45,frame_0075.jpg,30.0,0.5565,0.5791,0.25,0.96,5,2,False,False
46,frame_0011.jpg,4.4,0.5554,0.5609,0.25,1.0,3,2,False,False
47,frame_0367.jpg,146.8,0.552,0.547,0.875,0.08,9,7,False,False
48,frame_0284.jpg,113.6,0.5515,0.6541,0.375,0.56,5,3,False,False
49,frame_0384.jpg,153.6,0.5502,0.8113,0.375,0.16,7,3,False,False
50,frame_0128.jpg,51.2,0.5492,0.5374,0.375,0.84,8,3,False,False
51,frame_0071.jpg,28.4,0.5476,0.5452,0.25,1.0,7,2,False,False
52,frame_0170.jpg,68.0,0.5462,0.6004,0.5,0.48,7,4,False,False
53,frame_0278.jpg,111.2,0.5457,0.6634,0.5,0.32,7,4,False,False
54,frame_0282.jpg,112.8,0.5451,0.5982,0.5,0.48,5,4,False,False
55,frame_0328.jpg,131.2,0.5448,0.6075,0.75,0.08,8,6,False,False
56,frame_0068.jpg,27.2,0.5422,0.4594,0.375,1.0,8,3,False,False
57,frame_0288.jpg,115.2,0.5398,0.5667,0.375,0.72,6,3,False,False
58,frame_0168.jpg,67.2,0.5363,0.6237,0.375,0.56,6,3,False,False
59,frame_0397.jpg,158.8,0.5354,0.6909,0.5,0.2,7,4,False,False
60,frame_0126.jpg,50.4,0.5338,0.5386,0.375,0.76,7,3,False,False
61,frame_0290.jpg,116.0,0.5329,0.5208,0.375,0.8,6,3,False,False
62,frame_0006.jpg,2.4,0.5322,0.5143,0.25,1.0,3,2,False,False
63,frame_0378.jpg,151.2,0.5314,0.5809,0.75,0.08,9,6,False,False
64,frame_0088.jpg,35.2,0.5313,0.7366,0.25,0.44,3,2,False,False
65,frame_0069.jpg,27.6,0.5305,0.436,0.375,1.0,6,3,False,False
66,frame_0306.jpg,122.4,0.5288,0.6616,0.5,0.24,7,4,False,False
67,frame_0375.jpg,150.0,0.5227,0.6654,0.5,0.2,8,4,False,False
68,frame_0230.jpg,92.0,0.522,0.696,0.5,0.12,7,4,False,False
69,frame_0388.jpg,155.2,0.5208,0.5276,0.75,0.16,9,6,False,False
70,frame_0089.jpg,35.6,0.519,0.503,0.625,0.4,6,5,False,False
71,frame_0305.jpg,122.0,0.5181,0.5491,0.625,0.28,6,5,False,False
72,frame_0286.jpg,114.4,0.5173,0.6286,0.25,0.64,7,2,False,False
73,frame_0279.jpg,111.6,0.5136,0.5833,0.5,0.36,7,4,False,False
74,frame_0201.jpg,80.4,0.512,0.6499,0.25,0.56,3,2,False,False
75,frame_0173.jpg,69.2,0.5101,0.5762,0.5,0.36,6,4,False,False
76,frame_0033.jpg,13.2,0.5068,0.4636,0.25,1.0,8,2,False,False
77,frame_0105.jpg,42.0,0.5059,0.6047,0.625,0.08,5,5,False,False
78,frame_0014.jpg,5.6,0.5049,0.3848,0.375,1.0,4,3,False,False
79,frame_0285.jpg,114.0,0.5046,0.5442,0.375,0.6,5,3,False,False
80,frame_0317.jpg,126.8,0.5004,0.6959,0.375,0.2,6,3,False,False
81,frame_0396.jpg,158.4,0.5,0.636,0.5,0.16,8,4,False,False
82,frame_0274.jpg,109.6,0.4996,0.6352,0.5,0.16,8,4,False,False
83,frame_0202.jpg,80.8,0.4986,0.6073,0.25,0.6,3,2,False,False
84,frame_0376.jpg,150.4,0.4955,0.7769,0.25,0.16,6,2,False,False
85,frame_0301.jpg,120.4,0.4937,0.5114,0.5,0.44,5,4,False,False
86,frame_0195.jpg,78.0,0.4927,0.7073,0.25,0.32,2,2,False,False
87,frame_0183.jpg,73.2,0.4917,0.7424,0.375,0.04,4,3,False,False
88,frame_0277.jpg,110.8,0.4854,0.5587,0.5,0.28,8,4,False,False
89,frame_0095.jpg,38.0,0.4825,0.601,0.5,0.16,8,4,False,False
90,frame_0295.jpg,118.0,0.4808,0.6146,0.125,0.68,6,1,False,False
91,frame_0377.jpg,150.8,0.4763,0.6797,0.375,0.12,9,3,False,False
92,frame_0024.jpg,9.6,0.4761,0.4771,0.125,1.0,2,1,False,False
93,frame_0004.jpg,1.6,0.4755,0.401,0.25,1.0,5,2,False,False
94,frame_0131.jpg,52.4,0.4751,0.4161,0.25,0.96,4,2,False,False
95,frame_0184.jpg,73.6,0.4744,0.6168,0.5,0.08,6,4,False,False
96,frame_0122.jpg,48.8,0.4738,0.5577,0.25,0.6,7,2,False,False
97,frame_0302.jpg,120.8,0.4702,0.6304,0.25,0.4,6,2,False,False
98,frame_0298.jpg,119.2,0.4634,0.4777,0.375,0.56,6,3,False,False
99,frame_0025.jpg,10.0,0.462,0.4489,0.125,1.0,2,1,False,False
100,frame_0175.jpg,70.0,0.4611,0.5102,0.5,0.28,6,4,False,False
101,frame_0091.jpg,36.4,0.4608,0.5686,0.375,0.32,3,3,False,False
102,frame_0287.jpg,114.8,0.4602,0.4983,0.25,0.68,5,2,False,False
103,frame_0332.jpg,132.8,0.4595,0.678,0.375,0.04,7,3,False,False
104,frame_0194.jpg,77.6,0.4586,0.6551,0.25,0.28,3,2,False,False
105,frame_0123.jpg,49.2,0.4583,0.5856,0.125,0.64,6,1,False,False
106,frame_0133.jpg,53.2,0.4582,0.3663,0.25,1.0,7,2,False,False
107,frame_0097.jpg,38.8,0.4579,0.5839,0.5,0.08,6,4,False,False
108,frame_0132.jpg,52.8,0.4577,0.3655,0.25,1.0,7,2,False,False
109,frame_0329.jpg,131.6,0.4571,0.7321,0.25,0.08,8,2,False,False
110,frame_0176.jpg,70.4,0.4568,0.5176,0.5,0.24,7,4,False,False
111,frame_0087.jpg,34.8,0.4561,0.4952,0.375,0.48,5,3,False,False
112,frame_0296.jpg,118.4,0.4553,0.5046,0.25,0.64,6,2,False,False
113,frame_0016.jpg,6.4,0.4537,0.3575,0.25,1.0,6,2,False,False
114,frame_0191.jpg,76.4,0.4518,0.8397,0.0,0.16,2,0,False,False
115,frame_0229.jpg,91.6,0.4476,0.5632,0.5,0.08,6,4,False,False
116,frame_0115.jpg,46.0,0.4468,0.6156,0.25,0.32,6,2,False,False
117,frame_0231.jpg,92.4,0.4462,0.6034,0.375,0.16,7,3,False,False
118,frame_0374.jpg,149.6,0.4395,0.574,0.375,0.2,7,3,False,False
119,frame_0113.jpg,45.2,0.437,0.4781,0.5,0.24,5,4,False,False
120,frame_0304.jpg,121.6,0.4367,0.5954,0.25,0.32,7,2,False,False
121,frame_0114.jpg,45.6,0.4346,0.4572,0.5,0.28,6,4,False,False
122,frame_0316.jpg,126.4,0.4334,0.5028,0.5,0.16,8,4,False,False
123,frame_0224.jpg,89.6,0.4329,0.8177,0.0,0.12,3,0,False,False
124,frame_0319.jpg,127.6,0.4328,0.3785,0.625,0.28,8,5,False,False
125,frame_0116.jpg,46.4,0.4306,0.4922,0.375,0.36,5,3,False,False
126,frame_0012.jpg,4.8,0.4305,0.3861,0.125,1.0,3,1,False,False
127,frame_0028.jpg,11.2,0.4301,0.3102,0.25,1.0,5,2,False,False
128,frame_0125.jpg,50.0,0.4293,0.4955,0.125,0.72,8,1,False,False
129,frame_0019.jpg,7.6,0.4289,0.3828,0.125,1.0,3,1,False,False
130,frame_0327.jpg,130.8,0.4285,0.616,0.375,0.04,8,3,False,False
131,frame_0090.jpg,36.0,0.4284,0.6379,0.125,0.36,3,1,False,False
132,frame_0179.jpg,71.6,0.4274,0.5819,0.375,0.12,3,3,False,False
133,frame_0276.jpg,110.4,0.4205,0.67,0.125,0.24,9,1,False,False
134,frame_0017.jpg,6.8,0.4202,0.3654,0.125,1.0,3,1,False,False
135,frame_0398.jpg,159.2,0.4197,0.5184,0.375,0.24,7,3,False,False
136,frame_0009.jpg,3.6,0.4193,0.3636,0.125,1.0,2,1,False,False
137,frame_0023.jpg,9.2,0.4187,0.3624,0.125,1.0,3,1,False,False
138,frame_0081.jpg,32.4,0.4184,0.3238,0.375,0.72,5,3,False,False
139,frame_0385.jpg,154.0,0.4181,0.5311,0.375,0.2,6,3,False,False
140,frame_0104.jpg,41.6,0.4171,0.6362,0.25,0.12,4,2,False,False
141,frame_0013.jpg,5.2,0.417,0.359,0.125,1.0,3,1,False,False
142,frame_0216.jpg,86.4,0.4162,0.5064,0.25,0.44,4,2,False,False
143,frame_0026.jpg,10.4,0.4159,0.2819,0.25,1.0,5,2,False,False
144,frame_0174.jpg,69.6,0.4153,0.4776,0.375,0.32,4,3,False,False
145,frame_0027.jpg,10.8,0.4138,0.3525,0.125,1.0,4,1,False,False
146,frame_0106.jpg,42.4,0.4083,0.5756,0.375,0.04,6,3,False,False
147,frame_0098.jpg,39.2,0.4053,0.5696,0.375,0.04,6,3,False,False
148,frame_0188.jpg,75.2,0.4032,0.5655,0.375,0.04,9,3,False,False
149,frame_0171.jpg,68.4,0.4019,0.4028,0.375,0.44,5,3,False,False
150,frame_0379.jpg,151.6,0.4002,0.4094,0.625,0.04,8,5,False,False
151,frame_0269.jpg,107.6,0.3988,0.5567,0.375,0.04,4,3,False,False
152,frame_0214.jpg,85.6,0.3955,0.433,0.25,0.52,2,2,False,False
153,frame_0232.jpg,92.8,0.3953,0.4856,0.375,0.2,9,3,False,False
154,frame_0096.jpg,38.4,0.3929,0.5128,0.375,0.12,8,3,False,False
155,frame_0177.jpg,70.8,0.3922,0.4044,0.5,0.2,6,4,False,False
156,frame_0281.jpg,112.4,0.3921,0.5332,0.125,0.44,6,1,False,False
157,frame_0330.jpg,132.0,0.3905,0.615,0.25,0.04,8,2,False,False
158,frame_0394.jpg,157.6,0.3878,0.5936,0.25,0.08,4,2,False,False
159,frame_0212.jpg,84.8,0.3812,0.4474,0.125,0.6,1,1,False,False
160,frame_0391.jpg,156.4,0.3807,0.5204,0.375,0.04,6,3,False,False
161,frame_0208.jpg,83.2,0.3789,0.3787,0.125,0.76,4,1,False,False
162,frame_0308.jpg,123.2,0.3735,0.383,0.5,0.16,5,4,False,False
163,frame_0192.jpg,76.8,0.372,0.5141,0.25,0.2,3,2,False,False
164,frame_0300.jpg,120.0,0.3709,0.3998,0.25,0.48,6,2,False,False
165,frame_0121.jpg,48.4,0.3708,0.4425,0.125,0.56,4,1,False,False
166,frame_0185.jpg,74.0,0.3708,0.4845,0.375,0.08,5,3,False,False
167,frame_0210.jpg,84.0,0.3706,0.3192,0.25,0.68,5,2,False,False
168,frame_0228.jpg,91.2,0.3691,0.6473,0.125,0.04,3,1,False,False
169,frame_0283.jpg,113.2,0.3688,0.4546,0.125,0.52,3,1,False,False
170,frame_0032.jpg,12.8,0.3674,0.3348,0.0,1.0,6,0,False,False
171,frame_0373.jpg,149.2,0.3666,0.5192,0.25,0.16,4,2,False,False
172,frame_0219.jpg,87.6,0.3629,0.3729,0.375,0.32,5,3,False,False
173,frame_0178.jpg,71.2,0.3616,0.5092,0.25,0.16,3,2,False,False
174,frame_0083.jpg,33.2,0.3596,0.3132,0.25,0.64,6,2,False,False
175,frame_0193.jpg,77.2,0.357,0.468,0.25,0.24,4,2,False,False
176,frame_0225.jpg,90.0,0.3541,0.5262,0.25,0.08,6,2,False,False
177,frame_0220.jpg,88.0,0.352,0.442,0.25,0.28,4,2,False,False
178,frame_0222.jpg,88.8,0.3518,0.3987,0.375,0.2,5,3,False,False
179,frame_0094.jpg,37.6,0.3499,0.4698,0.25,0.2,4,2,False,False
180,frame_0118.jpg,47.2,0.3498,0.4486,0.125,0.44,6,1,False,False
181,frame_0082.jpg,32.8,0.3494,0.2768,0.25,0.68,7,2,False,False
182,frame_0101.jpg,40.4,0.3465,0.586,0.125,0.08,3,1,False,False
183,frame_0381.jpg,152.4,0.3453,0.4496,0.375,0.04,6,3,False,False
184,frame_0080.jpg,32.0,0.3435,0.3079,0.125,0.76,10,1,False,False
185,frame_0395.jpg,158.0,0.3417,0.4853,0.25,0.12,6,2,False,False
186,frame_0120.jpg,48.0,0.3407,0.3234,0.25,0.52,5,2,False,False
187,frame_0315.jpg,126.0,0.3391,0.4802,0.25,0.12,8,2,False,False
188,frame_0303.jpg,121.2,0.3385,0.383,0.25,0.36,6,2,False,False
189,frame_0084.jpg,33.6,0.3369,0.2838,0.25,0.6,6,2,False,False
190,frame_0117.jpg,46.8,0.3368,0.4386,0.125,0.4,5,1,False,False
191,frame_0280.jpg,112.0,0.3366,0.4381,0.125,0.4,7,1,False,False
192,frame_0307.jpg,122.8,0.336,0.442,0.25,0.2,7,2,False,False
193,frame_0085.jpg,34.0,0.3323,0.3655,0.125,0.56,3,1,False,False
194,frame_0112.jpg,44.8,0.3312,0.5075,0.125,0.2,5,1,False,False
195,frame_0271.jpg,108.4,0.3304,0.5699,0.125,0.04,3,1,False,False
196,frame_0226.jpg,90.4,0.3281,0.4151,0.375,0.04,6,3,False,False
197,frame_0333.jpg,133.2,0.3252,0.3934,0.375,0.08,6,3,False,False
198,frame_0320.jpg,128.0,0.3203,0.5447,0.0,0.24,8,0,False,False
199,frame_0218.jpg,87.2,0.3174,0.3407,0.25,0.36,5,2,False,False
200,frame_0299.jpg,119.6,0.317,0.351,0.125,0.52,5,1,False,False
201,frame_0186.jpg,74.4,0.3163,0.3915,0.375,0.04,10,3,False,False
202,frame_0109.jpg,43.6,0.3144,0.4467,0.25,0.08,7,2,False,False
203,frame_0233.jpg,93.2,0.3133,0.4556,0.125,0.24,7,1,False,False
204,frame_0323.jpg,129.2,0.3133,0.3536,0.375,0.12,5,3,False,False
205,frame_0393.jpg,157.2,0.3117,0.3824,0.375,0.04,7,3,False,False
206,frame_0310.jpg,124.0,0.3107,0.3645,0.375,0.08,5,3,False,False
207,frame_0199.jpg,79.6,0.3102,0.3534,0.125,0.48,1,1,False,False
208,frame_0321.jpg,128.4,0.3095,0.314,0.375,0.2,9,3,False,False
209,frame_0200.jpg,80.0,0.3093,0.3355,0.125,0.52,2,1,False,False
210,frame_0314.jpg,125.6,0.3084,0.4348,0.25,0.08,6,2,False,False
211,frame_0206.jpg,82.4,0.3061,0.2331,0.125,0.76,3,1,False,False
212,frame_0268.jpg,107.2,0.3059,0.3548,0.375,0.08,6,3,False,False
213,frame_0324.jpg,129.6,0.3051,0.3531,0.375,0.08,6,3,False,False
214,frame_0309.jpg,123.6,0.3012,0.3294,0.375,0.12,5,3,False,False
215,frame_0370.jpg,148.0,0.3008,0.3606,0.375,0.04,9,3,False,False
216,frame_0372.jpg,148.8,0.3004,0.4029,0.25,0.12,5,2,False,False
217,frame_0196.jpg,78.4,0.2999,0.3809,0.125,0.36,2,1,False,False
218,frame_0103.jpg,41.2,0.2982,0.3823,0.25,0.16,3,2,False,False
219,frame_0322.jpg,128.8,0.2976,0.3062,0.375,0.16,6,3,False,False
220,frame_0108.jpg,43.2,0.295,0.424,0.25,0.04,6,2,False,False
221,frame_0203.jpg,81.2,0.2949,0.2588,0.125,0.64,2,1,False,False
222,frame_0383.jpg,153.2,0.2912,0.3844,0.25,0.12,5,2,False,False
223,frame_0213.jpg,85.2,0.2903,0.2816,0.125,0.56,2,1,False,False
224,frame_0273.jpg,109.2,0.289,0.3049,0.375,0.12,6,3,False,False
225,frame_0022.jpg,8.8,0.2872,0.1744,0.0,1.0,3,0,False,False
226,frame_0207.jpg,82.8,0.2834,0.2467,0.0,0.8,2,0,False,False
227,frame_0211.jpg,84.4,0.2827,0.2343,0.125,0.64,3,1,False,False
228,frame_0215.jpg,86.0,0.2791,0.2911,0.125,0.48,4,1,False,False
229,frame_0272.jpg,108.8,0.279,0.3759,0.25,0.08,5,2,False,False
230,frame_0399.jpg,159.6,0.2722,0.3575,0.125,0.28,7,1,False,False
231,frame_0180.jpg,72.0,0.2712,0.4355,0.125,0.08,6,1,False,False
232,frame_0100.jpg,40.0,0.266,0.4409,0.125,0.04,4,1,False,False
233,frame_0172.jpg,68.8,0.2598,0.2846,0.125,0.4,6,1,False,False
234,frame_0111.jpg,44.4,0.2568,0.4495,0.0,0.16,6,0,False,False
235,frame_0086.jpg,34.4,0.2564,0.2298,0.125,0.52,6,1,False,False
236,frame_0371.jpg,148.4,0.2512,0.3204,0.25,0.08,6,2,False,False
237,frame_0181.jpg,72.4,0.2457,0.3254,0.25,0.04,6,2,False,False
238,frame_0198.jpg,79.2,0.2444,0.2377,0.125,0.44,2,1,False,False
239,frame_0119.jpg,47.6,0.244,0.221,0.125,0.48,5,1,False,False
240,frame_0093.jpg,37.2,0.2388,0.3065,0.125,0.24,3,1,False,False
241,frame_0311.jpg,124.4,0.2361,0.3062,0.25,0.04,4,2,False,False
242,frame_0217.jpg,86.8,0.234,0.2329,0.125,0.4,4,1,False,False
243,frame_0205.jpg,82.0,0.2314,0.1747,0.0,0.72,4,0,False,False
244,frame_0221.jpg,88.4,0.2296,0.2881,0.125,0.24,4,1,False,False
245,frame_0102.jpg,40.8,0.2208,0.3185,0.125,0.12,4,1,False,False
246,frame_0197.jpg,78.8,0.2181,0.2011,0.125,0.4,2,1,False,False
247,frame_0267.jpg,106.8,0.215,0.3821,0.0,0.12,4,0,False,False
248,frame_0092.jpg,36.8,0.206,0.225,0.125,0.28,4,1,False,False
249,frame_0223.jpg,89.2,0.2052,0.2714,0.125,0.16,4,1,False,False
250,frame_0190.jpg,76.0,0.1978,0.2727,0.125,0.12,4,1,False,False
251,frame_0204.jpg,81.6,0.1968,0.1216,0.0,0.68,3,0,False,False
252,frame_0189.jpg,75.6,0.1944,0.3568,0.0,0.08,5,0,False,False
253,frame_0382.jpg,152.8,0.1804,0.2537,0.125,0.08,8,1,False,False
254,frame_0313.jpg,125.2,0.1789,0.3418,0.0,0.04,3,0,False,False
255,frame_0110.jpg,44.0,0.118,0.188,0.0,0.12,5,0,False,False
256,frame_0325.jpg,130.0,0.0898,0.1636,0.0,0.04,7,0,False,False
